City,Cloudiness,Country,Date,Humidity,Latitude,Longitude,Max Temp,Wind Speed
Bollnäs,71,SE,1584226879,66,61.35,16.39,29.17,13.71
Avarua,26,CK,1584226879,74,-21.21,-159.78,84.2,6.93
Rikitea,0,PF,1584226880,78,-23.12,-134.97,78.26,12.12
Ponta do Sol,75,PT,1584226881,77,32.67,-17.1,59.0,8.05
Hilo,90,US,1584226881,78,19.73,-155.09,77.0,6.93
Masuguru,100,TZ,1584226881,98,-11.37,38.42,73.24,0.94
Brewster,1,US,1584226882,34,41.4,-73.62,51.8,10.29
Carnarvon,75,AU,1584226701,78,-24.87,113.63,77.0,6.93
Albany,75,US,1584226883,48,42.6,-73.97,42.01,16.11
Mataura,100,NZ,1584226883,75,-46.19,168.86,62.01,1.99
Saskylakh,97,RU,1584226883,95,71.92,114.08,2.35,11.18
Dingle,23,PH,1584226884,76,11.0,122.67,77.43,7.9
Longyearbyen,75,SJ,1584226885,64,78.22,15.64,-0.4,5.82
Outjo,29,NA,1584226885,72,-20.12,16.15,68.0,8.16
Ushuaia,40,AR,1584226827,62,-54.8,-68.3,53.6,6.93
Arraial do Cabo,20,BR,1584226701,94,-22.97,-42.03,77.0,4.7
Along,95,IN,1584226885,88,28.17,94.77,59.11,3.87
Barrow,40,US,1584226885,77,71.29,-156.79,6.8,27.51
Roebourne,51,AU,1584226886,55,-20.78,117.13,84.97,13.31
Springbok,2,ZA,1584226886,82,-29.66,17.89,50.85,3.13
Morant Bay,40,JM,1584226886,62,17.88,-76.41,86.0,9.17
Traralgon,0,AU,1584226886,76,-38.18,146.53,60.01,1.01
Padang,67,ID,1584226887,92,-0.95,100.35,69.39,4.65
Nikolskoye,76,RU,1584226888,45,59.7,30.79,25.0,13.42
Anjozorobe,75,MG,1584226888,88,-18.4,47.87,66.2,4.7
Salalah,75,OM,1584226888,61,17.02,54.09,77.0,8.05
Chengde,0,CN,1584226888,56,40.97,117.94,33.39,4.38
Nizhnevartovsk,75,RU,1584226888,98,60.93,76.55,35.6,11.18
Flinders,97,AU,1584226889,51,-34.58,150.86,66.0,12.75
Morón,90,AR,1584226664,94,-34.65,-58.62,69.8,6.93
New Norfolk,40,AU,1584226890,67,-42.78,147.06,59.0,5.82
Busselton,80,AU,1584226890,98,-33.65,115.33,64.99,13.04
Chokurdakh,7,RU,1584226890,91,70.63,147.92,-20.63,2.89
Ilhabela,0,BR,1584226890,87,-23.78,-45.36,77.38,12.86
Punta Arenas,75,CL,1584226823,67,-53.15,-70.92,57.2,16.11
Sumkino,10,RU,1584226891,92,58.11,68.32,30.61,7.74
Kapaa,1,US,1584226891,57,22.08,-159.32,78.8,11.41
Tiksi,14,RU,1584226891,71,71.69,128.87,-14.58,6.55
Hobart,75,AU,1584226625,76,-42.88,147.33,61.0,5.82
Yinchuan,48,CN,1584226895,25,38.47,106.27,34.56,1.21
Jamestown,90,US,1584226862,80,42.1,-79.24,37.99,6.93
Oodweyne,3,SO,1584226870,84,9.41,45.06,63.54,2.35
Cherskiy,100,RU,1584226780,91,68.75,161.3,-2.74,3.11
Aktau,100,KZ,1584226896,93,43.65,51.2,48.2,6.71
Dikson,51,RU,1584226896,99,73.51,80.55,-18.27,8.41
Fortuna,20,US,1584226896,75,40.6,-124.16,51.01,9.17
Lompoc,90,US,1584226657,62,34.64,-120.46,60.8,10.29
Conde,64,BR,1584226897,74,-7.26,-34.91,82.4,9.17
Houma,1,US,1584226897,50,29.6,-90.72,79.0,11.41
Port Alfred,95,ZA,1584226897,87,-33.59,26.89,68.0,4.0
Airai,9,TL,1584226897,54,-8.93,125.41,76.75,1.7
East London,56,ZA,1584226897,78,-33.02,27.91,72.68,9.78
Ilhéus,40,BR,1584226827,78,-14.79,-39.05,82.4,9.17
Cape Town,75,ZA,1584226803,82,-33.93,18.42,66.0,18.34
Valparaíso,0,CL,1584226898,43,-33.04,-71.63,73.4,16.11
Lüderitz,0,NA,1584226898,64,-26.65,15.16,69.8,9.17
Bredasdorp,83,ZA,1584226898,82,-34.53,20.04,66.2,3.36
Santa Cruz de la Sierra,40,BO,1584226708,49,-17.8,-63.17,93.2,11.41
Bluff,100,NZ,1584226899,75,-46.6,168.33,62.01,1.99
Dunmore East,95,IE,1584226899,89,52.15,-6.99,48.99,5.99
Vila,0,PT,1584226899,93,42.03,-8.16,52.0,1.12
Lagoa,16,PT,1584226899,81,39.05,-27.98,59.9,10.02
Zakopane,12,PL,1584226899,67,49.3,19.95,28.99,2.24
Leningradskiy,49,RU,1584226899,71,69.38,178.42,1.45,10.74
Faanui,8,PF,1584226899,75,-16.48,-151.75,83.12,14.47
Port Moresby,75,PG,1584226900,94,-9.44,147.18,77.0,11.41
Provideniya,78,RU,1584226900,79,64.38,-173.3,23.22,6.29
Piedecuesta,40,CO,1584226900,88,6.99,-73.05,75.2,5.82
Mehamn,100,NO,1584226900,92,71.04,27.85,15.26,16.44
Vaini,75,TO,1584226900,79,-21.2,-175.2,86.0,18.34
Xochitlan Todos Santos,19,MX,1584226900,26,18.7,-97.78,86.0,7.0
Athabasca,100,CA,1584226809,81,54.72,-113.29,4.32,3.29
Kaeo,0,NZ,1584226901,58,-35.1,173.78,75.0,1.99
Pontianak,94,ID,1584226901,95,-0.03,109.33,75.52,1.7
College,90,US,1584226901,67,64.86,-147.8,24.01,3.36
Camacha,75,PT,1584226901,63,33.08,-16.33,60.8,12.75
Pisco,99,PE,1584226902,30,-13.7,-76.22,75.99,23.04
Ancud,39,CL,1584226902,71,-41.87,-73.82,55.4,6.93
Nouadhibou,0,MR,1584226902,77,20.93,-17.03,66.2,19.46
Ilulissat,98,GL,1584226780,70,69.22,-51.1,1.4,6.93
Hithadhoo,64,MV,1584226650,64,-0.6,73.08,82.83,3.47
Asău,75,RO,1584226902,56,46.43,26.4,41.0,9.17
Souillac,40,MU,1584226863,88,-20.52,57.52,77.0,7.54
Westport,90,US,1584226902,29,41.14,-73.36,53.01,12.75
Varhaug,75,NO,1584226903,93,58.61,5.65,43.0,26.4
Koumac,100,NC,1584226903,87,-20.57,164.28,78.26,29.84
Ahipara,0,NZ,1584226903,68,-35.17,173.17,66.87,8.57
Kieta,100,PG,1584226663,75,-6.22,155.63,84.94,14.74
Torbay,20,CA,1584226903,80,47.67,-52.73,36.0,31.09
Vardø,71,NO,1584226904,63,70.37,31.11,22.39,25.59
Castro,0,BR,1584226904,67,-24.79,-50.01,64.4,2.06
Hay River,75,CA,1584226886,40,60.82,-115.8,14.0,12.75
Chui,67,UY,1584226904,90,-33.7,-53.46,71.71,6.42
Taksimo,92,RU,1584226904,89,56.34,114.88,1.65,0.22
Atuona,21,PF,1584226904,72,-9.8,-139.03,82.04,10.89
Hofn,98,IS,1584226905,68,64.25,-15.21,30.9,19.55
Victor Harbor,1,AU,1584226634,54,-35.57,138.62,62.01,6.93
Lorengau,95,PG,1584226905,76,-2.02,147.27,84.06,11.79
Tuatapere,100,NZ,1584226906,75,-46.13,167.68,62.01,1.99
Puerto Ayora,20,EC,1584226906,70,-0.74,-90.35,84.2,8.05
Qaanaaq,0,GL,1584226906,58,77.48,-69.36,-20.81,5.75
Aasiaat,100,GL,1584226906,93,68.71,-52.87,-6.57,6.2
Khatanga,100,RU,1584226906,86,71.97,102.5,26.08,9.66
Pauini,100,BR,1584226907,82,-7.71,-66.98,78.76,2.46
Thompson,20,CA,1584226660,46,55.74,-97.86,8.6,3.36
Dapitan,44,PH,1584226909,78,8.65,123.42,78.3,5.7
Tabora,94,TZ,1584226909,90,-5.02,32.8,63.93,2.57
Sørland,100,NO,1584226910,66,67.67,12.69,40.32,37.29
Ponta Delgada,20,PT,1584226910,82,37.73,-25.67,55.4,4.7
Caravelas,82,BR,1584226910,79,-17.71,-39.25,80.58,15.37
Healdsburg,90,US,1584226910,66,38.61,-122.87,57.2,12.75
Grand Gaube,40,MU,1584226911,88,-20.01,57.66,77.0,10.02
Vilhena,100,BR,1584226911,95,-12.74,-60.15,72.54,3.2
Barranca,75,PE,1584226911,89,-10.75,-77.77,74.14,13.67
Saint Paul Harbor,1,US,1584226911,59,57.79,-152.41,37.4,3.36
Saint-Philippe,59,RE,1584226911,83,-21.36,55.77,77.0,8.05
Husavik,20,IS,1584226911,84,66.04,-17.34,6.8,2.24
Voh,99,NC,1584226911,79,-20.97,164.7,84.16,30.94
Tuktoyaktuk,75,CA,1584226911,85,69.45,-133.04,23.0,29.97
Goderich,100,CA,1584226912,81,43.75,-81.72,33.01,8.93
Gravdal,100,NO,1584226912,69,68.12,13.5,38.86,37.69
Deputatsky,0,RU,1584226827,91,69.3,139.9,-28.21,1.9
Tabas,62,IR,1584226912,11,33.6,56.92,64.4,4.7
Whitianga,1,NZ,1584226912,67,-36.83,175.7,77.0,3.0
Touros,20,BR,1584226912,88,-5.2,-35.46,78.8,6.93
Ketchikan,1,US,1584226849,38,55.34,-131.65,41.0,17.22
Coyhaique,75,CL,1584226896,54,-45.58,-72.07,59.0,6.64
Aklavik,75,CA,1584226913,55,68.22,-135.01,33.8,5.82
Bam,100,IR,1584226913,12,29.11,58.36,70.45,10.63
Kruisfontein,26,ZA,1584226726,85,-34.0,24.73,62.74,7.72
Grindavik,75,IS,1584226913,68,63.84,-22.43,26.6,8.05
Arlit,0,NE,1584226891,14,18.74,7.39,69.28,8.68
Port Hedland,3,AU,1584226913,83,-20.32,118.57,77.0,8.05
Tucumcari,1,US,1584226914,30,35.17,-103.72,68.0,19.46
Bonavista,42,CA,1584226914,80,48.65,-53.11,35.01,21.0
Lebu,0,CL,1584226914,71,-37.62,-73.65,56.14,11.27
Norman Wells,90,CA,1584226914,85,65.28,-126.83,17.6,2.24
Laas,79,IT,1584226914,79,46.62,10.7,41.0,2.24
Srednekolymsk,100,RU,1584226914,91,67.45,153.68,-7.26,16.08
Nioro,8,GM,1584226915,15,13.35,-15.75,79.92,11.43
Nizwá,100,OM,1584226684,20,22.93,57.53,61.74,1.3
China,96,MX,1584226915,45,25.7,-99.23,85.41,20.13
Bagotville,75,AU,1584226915,93,-28.98,153.42,68.0,16.11
Vila Velha,20,BR,1584226915,83,-20.33,-40.29,80.6,4.7
Majene,96,ID,1584226915,81,-3.54,118.97,77.74,3.0
Nur-Sultan,84,KZ,1584226916,86,51.18,71.45,28.4,11.18
Middlebury (village),90,US,1584226916,38,44.02,-73.17,44.6,8.05
Talnakh,75,RU,1584226916,100,69.49,88.4,30.2,17.9
Butaritari,88,KI,1584226916,72,3.07,172.79,83.62,10.76
Hamilton,90,US,1584226669,96,39.18,-84.53,37.4,11.41
Dārāb,80,IR,1584226917,40,28.75,54.54,61.11,1.63
Sal Rei,34,CV,1584226917,78,16.18,-22.92,71.6,13.87
Fuxin,0,CN,1584226917,36,42.02,121.66,25.57,22.3
Bambous Virieux,40,MU,1584226873,88,-20.34,57.76,77.0,13.49
Robe,0,AU,1584226917,51,-37.18,139.75,63.01,10.47
Wamba,53,NG,1584226917,16,8.93,8.6,72.61,5.14
Tegul'det,100,RU,1584226918,94,57.31,88.17,33.62,15.75
Havre-St-Pierre,75,CA,1584226918,63,50.23,-63.6,28.4,13.87
Tual,100,ID,1584226918,77,-5.67,132.75,81.54,9.1
Kavieng,87,PG,1584226918,69,-2.57,150.8,85.08,7.54
Silver City,90,US,1584226918,38,32.77,-108.28,63.0,8.05
Kavaratti,1,IN,1584226915,72,10.57,72.64,81.88,10.38
Pevek,77,RU,1584226919,69,69.7,170.31,-0.67,6.64
Cabo San Lucas,40,MX,1584226919,39,22.89,-109.91,80.6,23.04
Kumul,80,CN,1584226919,33,42.8,93.45,34.11,3.18
Jinhua,0,CN,1584226919,62,29.11,119.65,48.0,2.57
Esperance,40,AU,1584226919,77,-33.87,121.9,66.2,20.8
Adrar,0,MR,1584226920,10,20.5,-10.07,69.66,7.45
Sarraméa,100,NC,1584226920,70,-21.64,165.85,84.2,1.12
Port Macquarie,95,AU,1584226716,82,-31.43,152.92,66.0,6.93
Hong Kong,10,HK,1584226802,55,22.29,114.16,68.0,10.29
Hobyo,24,SO,1584226920,82,5.35,48.53,79.05,11.97
Lianhe,94,CN,1584226920,77,47.13,129.27,19.2,3.6
Fairbanks,90,US,1584226801,67,64.84,-147.72,24.01,3.36
Altamira,100,BR,1584226921,97,-3.2,-52.21,74.8,4.45
Silifke,5,TR,1584226921,73,36.38,33.93,52.74,3.36
Poya,86,NC,1584226921,81,-21.35,165.15,83.71,15.73
Auki,99,SB,1584226904,78,-8.77,160.7,84.11,15.48
Bathsheba,90,BB,1584226921,88,13.22,-59.52,75.2,14.99
Sfântu Gheorghe,100,RO,1584226921,67,45.87,25.78,39.0,7.0
Aquiraz,75,BR,1584226922,94,-3.9,-38.39,82.0,3.36
São Filipe,14,CV,1584226922,56,14.9,-24.5,74.03,16.55
West Bay,20,KY,1584226922,78,19.37,-81.42,82.4,12.75
Ribeira Grande,58,PT,1584226922,84,38.52,-28.7,55.96,7.16
Teknāf,34,BD,1584226922,67,20.86,92.31,65.39,2.59
Pangnirtung,93,CA,1584226922,99,66.15,-65.71,-33.92,1.74
Bilma,8,NE,1584226922,20,18.69,12.92,61.77,4.09
Maniitsoq,87,GL,1584226923,83,65.42,-52.9,1.09,7.81
Champerico,75,GT,1584226923,70,14.3,-91.92,84.2,6.93
Semporna,20,MY,1584226923,94,4.48,118.61,75.2,5.82
Sioux Lookout,90,CA,1584226676,31,50.1,-91.92,23.0,5.82
Udachny,38,RU,1584226701,92,66.42,112.4,17.6,4.47
Fukuechō,90,JP,1584226923,61,32.69,128.84,48.2,17.22
Isfana,0,KG,1584226923,75,39.84,69.53,44.6,6.71
Wukari,0,NG,1584226924,15,7.85,9.78,73.26,4.03
St. George's,75,GD,1584226857,83,12.06,-61.75,78.8,5.82
Boende,16,CD,1584226924,73,-0.22,20.87,74.84,2.13
Oranjemund,4,NA,1584226924,93,-28.55,16.43,61.43,6.67
Nuevo Laredo,1,MX,1584226924,32,27.48,-99.52,95.0,10.29
Nieves,75,PH,1584226924,88,15.33,120.95,75.2,4.7
Tawao,20,MY,1584226924,94,4.25,117.89,75.2,5.82
Hatillo,90,PR,1584226925,85,18.49,-66.83,80.01,18.34
Tamiahua,61,MX,1584226925,90,21.27,-97.45,75.25,11.36
Port Elizabeth,95,ZA,1584226820,82,-33.92,25.57,66.2,11.41
Weilheim,32,DE,1584226925,87,47.83,11.15,39.2,1.12
Iqaluit,20,CA,1584226865,61,63.75,-68.51,-18.0,12.75
Lata,0,PT,1584226926,87,40.16,-8.33,54.0,6.93
Batagay-Alyta,0,RU,1584226926,84,67.8,130.41,-24.0,5.5
Zabaykal'sk,0,RU,1584226926,70,49.63,117.32,3.42,2.64
Mahébourg,40,MU,1584226864,88,-20.41,57.7,77.0,7.54
Shenzhen,10,CN,1584226806,55,22.55,114.07,68.0,10.29
Mossamedes,99,AO,1584226926,76,-15.2,12.15,76.66,5.37
Huejuquilla el Alto,12,MX,1584226926,16,22.6,-103.87,83.57,12.37
Casper,1,US,1584226926,70,42.87,-106.31,46.99,11.41
Diphu,100,IN,1584226927,69,25.83,93.43,65.52,1.41
Palmer,1,US,1584226891,42,42.16,-72.33,48.2,10.29
Boyolangu,84,ID,1584226927,87,-8.12,111.89,77.2,0.18
Margate,75,GB,1584226927,87,51.38,1.39,50.0,20.8
Kurchum,3,KZ,1584226927,68,48.57,83.65,17.6,1.14
Guerrero Negro,0,MX,1584226927,61,27.98,-114.06,65.21,14.61
Chicama,75,PE,1584226928,78,-7.84,-79.15,77.0,8.05
Khovd,0,MN,1584226928,41,48.01,91.64,18.82,7.56
Krasnosel'kup,100,RU,1584226928,96,65.7,82.47,29.62,11.01
Guisijan,57,PH,1584226928,65,11.09,122.05,79.63,2.77
Ishigaki,20,JP,1584226928,58,24.34,124.16,59.0,17.22
Maple Creek,100,CA,1584226928,93,49.92,-109.48,17.87,14.41
Maragogi,94,BR,1584226763,75,-9.01,-35.22,82.72,11.79
Beloha,100,MG,1584226929,88,-25.17,45.05,71.37,9.26
Togur,100,RU,1584226929,97,58.36,82.83,33.8,14.79
Virginia Beach,90,US,1584226818,50,36.85,-75.98,57.99,6.93
Faya,20,SA,1584226930,82,18.39,42.45,60.8,18.34
Ritchie,0,ZA,1584226930,82,-29.04,24.6,64.4,3.36
Savalou,41,BJ,1584226930,63,7.93,1.98,83.14,3.87
Homer,1,US,1584226636,68,59.64,-151.55,33.8,10.29
Port-Gentil,20,GA,1584226931,89,-0.72,8.78,84.2,4.7
Cabedelo,96,BR,1584226931,74,-6.98,-34.83,82.4,9.17
Lakselv,90,NO,1584226931,85,70.05,24.97,21.2,65.54
Taltal,1,CL,1584226931,92,-25.4,-70.48,60.08,1.19
Buala,96,SB,1584226737,76,-8.14,159.59,84.29,10.98
Barra do Garças,42,BR,1584226932,90,-15.89,-52.26,74.34,3.13
Aden,24,YE,1584226776,79,12.78,45.04,74.82,6.04
Kaitangata,100,NZ,1584226932,68,-46.28,169.85,62.01,1.01
Los Corrales de Buelna,0,ES,1584226933,87,43.26,-4.07,48.99,5.28
Klaksvík,100,FO,1584226739,69,62.23,-6.59,35.6,14.99
Upernavik,98,GL,1584226933,98,72.79,-56.15,-14.1,3.6
Angoche,72,MZ,1584226933,97,-16.23,39.91,72.16,4.81
City of San Pedro,20,PH,1584226933,78,14.35,121.02,79.0,3.36
Haines Junction,37,CA,1584226933,78,60.75,-137.51,28.4,3.22
Luanda,100,AO,1584226692,85,-8.84,13.23,81.9,9.37
Minot,90,US,1584226934,49,48.23,-101.3,26.6,16.11
Norman,90,US,1584226934,87,35.22,-97.44,51.8,8.05
Alihe,0,CN,1584226934,76,50.57,123.72,-0.53,4.18
Whitehorse,75,CA,1584226679,41,60.72,-135.05,32.0,1.86
Caucayá,100,CO,1584226875,91,-0.19,-74.78,74.05,1.72
Qandala,34,SO,1584226935,78,11.47,49.87,74.7,4.76
Okhotsk,100,RU,1584226935,83,59.38,143.3,5.45,7.45
Kenai,1,US,1584226831,45,60.55,-151.26,30.99,6.76
Nokaneng,90,BW,1584226935,74,-19.67,22.27,71.58,2.68
Tezu,100,IN,1584226935,76,27.92,96.17,65.26,2.93
Harper,79,LR,1584226935,94,4.38,-7.72,77.31,4.03
Hermanus,63,ZA,1584226936,96,-34.42,19.23,64.99,1.99
Kaffrine,96,SN,1584226936,16,14.11,-15.55,79.05,12.75
Amazar,20,RU,1584226936,84,53.86,120.88,-1.57,2.28
Yerbogachën,100,RU,1584226936,94,61.28,108.01,28.56,11.07
Nanortalik,100,GL,1584226936,73,60.14,-45.24,20.95,2.51
Isabela,20,PH,1584226936,83,6.71,121.97,75.2,5.82
Lima,100,PE,1584226695,69,-12.04,-77.03,78.8,18.34
Mlonggo,20,ID,1584226936,83,-6.53,110.7,78.8,2.24
Erenhot,0,CN,1584226937,59,43.65,111.98,31.8,3.31
Choya,100,RU,1584226937,62,52.01,86.55,35.76,6.49
Dhidhdhoo,69,MV,1584226937,75,6.88,73.1,83.7,8.25
Prokhorovka,75,RU,1584226937,67,51.04,36.73,32.0,20.13
São João da Barra,68,BR,1584226937,88,-21.64,-41.05,78.8,4.7
Lucapa,77,AO,1584226937,91,-8.42,20.74,67.05,1.36
Skibbereen,75,IE,1584226938,87,51.55,-9.27,44.6,13.87
Puksoozero,95,RU,1584226938,92,62.59,40.61,18.37,8.79
Raudeberg,88,NO,1584226938,82,61.99,5.14,39.99,21.92
Itoman,40,JP,1584226938,51,26.12,127.67,59.0,23.04
Yamada,39,JP,1584226938,50,39.47,141.95,39.94,4.38
Marzuq,42,YE,1584226938,62,14.4,46.47,64.51,5.32
Malpe,22,IN,1584226939,78,13.35,74.72,77.0,4.7
Ialibu,90,PG,1584226939,100,-6.28,143.99,62.6,2.28
Pochutla,40,MX,1584226939,55,15.74,-96.47,88.0,10.29
Kampong Thom,100,KH,1584226939,72,12.71,104.89,75.31,4.76
Ozinki,93,RU,1584226939,89,51.18,49.68,34.56,11.9
Kirakira,98,SB,1584226940,80,-10.45,161.92,82.27,12.55
Saldanha,0,ZA,1584226776,88,-33.01,17.94,64.4,13.87
Tongren,74,CN,1584226940,69,27.72,109.19,52.39,1.61
Saint George,1,US,1584226811,45,37.1,-113.58,64.4,19.46
Mount Isa,39,AU,1584226940,41,-20.73,139.5,78.8,9.17
Plettenberg Bay,49,ZA,1584226940,82,-34.05,23.37,65.86,5.5
Hangu,0,CN,1584226941,21,39.25,117.79,50.0,4.47
Stykkisholmur,0,IS,1584226941,73,65.08,-22.73,19.81,3.89
Kahului,40,US,1584226675,74,20.89,-156.47,80.6,12.75
Yumen,100,CN,1584226941,29,40.28,97.2,33.91,13.35
Kapit,100,MY,1584226942,99,2.02,112.93,74.07,1.88
Yellowknife,75,CA,1584226700,51,62.46,-114.35,10.4,11.41
Derzhavīnsk,100,KZ,1584226942,96,51.1,66.32,34.2,14.99
Nara,20,JP,1584226865,61,34.69,135.8,46.4,12.75
Egvekinot,44,RU,1584226942,76,66.32,-179.17,8.85,4.63
Naze,75,JP,1584226716,50,28.37,129.48,59.0,11.41
Ouango,93,CF,1584226942,52,4.31,22.56,80.31,0.69
Seminole,40,US,1584226942,51,28.71,-81.21,86.0,6.93
Faisalabad,0,PK,1584226943,69,31.42,73.08,54.95,3.65
San Patricio,40,MX,1584226943,79,19.22,-104.7,84.2,9.17
Firminópolis,64,BR,1584226943,92,-16.58,-50.3,71.96,1.21
Aného,20,TG,1584226943,88,6.23,1.6,82.4,8.05
George Town,20,MY,1584226762,83,5.41,100.34,82.4,3.36
The Valley,20,AI,1584226943,73,18.22,-63.06,80.01,4.7
Løding,75,NO,1584226944,69,67.3,14.75,37.4,33.33
Meadow Lake,40,US,1584226945,26,34.8,-106.54,63.0,9.17
Sur,100,OM,1584226945,35,22.57,59.53,66.69,6.69
Kuytun,92,RU,1584226872,95,54.34,101.5,25.16,3.2
Garissa,88,KE,1584226945,68,-0.45,39.64,81.57,11.72
Kudahuvadhoo,78,MV,1584226945,65,2.67,72.89,83.89,7.47
Arrondissement de Saint-Gaudens,10,FR,1584226945,93,43.08,0.67,44.01,3.53
Da Lat,94,VN,1584226946,81,11.95,108.44,60.73,3.96
Hohhot,0,CN,1584226946,67,40.81,111.65,23.0,2.24
Puerto Limón,44,CR,1584226810,65,10.0,-83.03,82.99,8.05
Anadyr,40,RU,1584226947,85,64.75,177.48,21.2,33.55
Christchurch,92,NZ,1584226756,72,-43.53,172.63,64.99,10.29
Tilichiki,100,RU,1584226947,79,60.47,166.1,28.56,11.63
Naraina,0,IN,1584226947,51,26.78,75.2,60.8,4.05
Mastic Beach,1,US,1584226947,39,40.77,-72.85,52.0,6.93
Nome,90,US,1584226805,100,64.5,-165.41,30.2,10.29
Gold Coast,90,AU,1584226724,68,-28.0,153.43,77.0,13.87
Mackay,50,AU,1584226803,73,-21.15,149.2,79.0,10.29
Bonthe,78,SL,1584226948,86,7.53,-12.51,80.47,6.44
Langenhagen,10,DE,1584226948,71,52.45,9.75,42.01,6.93
Chardara,0,KZ,1584226948,50,41.25,67.97,53.44,7.29
Mahibadhoo,4,MV,1584226948,71,3.78,72.97,83.37,6.26
Münsingen,40,DE,1584226804,86,48.41,9.5,41.0,3.36
Iberia,1,US,1584226949,83,29.95,-91.75,79.0,9.17
Guánica,90,PR,1584226949,80,17.97,-66.91,81.0,18.34
Talavera,75,PH,1584226949,88,15.62,120.93,75.2,4.7
Yerbabuena,75,MX,1584226950,22,20.97,-101.27,86.0,9.17
Storsteinnes,90,NO,1584226950,92,69.24,19.23,33.8,26.4
Yarim,2,YE,1584226950,63,14.3,44.38,57.65,3.56
Turochak,100,RU,1584226950,79,52.26,87.12,31.77,4.65
Shimoda,31,JP,1584226950,93,34.67,138.95,43.0,3.36
Hvolsvollur,75,IS,1584226950,67,63.75,-20.22,26.15,12.62
Moree,17,AU,1584226951,56,-29.47,149.85,68.0,14.99
Hoogstraten,75,BE,1584226951,87,51.4,4.76,48.2,6.93
Kupang,20,ID,1584226951,100,-10.17,123.58,78.8,2.24
Lloydminster,90,CA,1584226951,77,53.28,-110.0,3.2,14.99
Mar del Plata,40,AR,1584226741,72,-38.0,-57.56,66.99,6.93
Cidreira,0,BR,1584226952,86,-30.18,-50.21,76.21,24.52
Bengkulu,81,ID,1584226952,88,-3.8,102.27,75.18,3.09
Kralendijk,40,BQ,1584226952,65,12.15,-68.27,82.4,10.29
Matara,21,LK,1584226952,91,5.95,80.54,71.98,5.5
La Ronge,75,CA,1584226953,55,55.1,-105.28,6.8,3.36
Jardim,27,BR,1584226953,56,-21.48,-56.14,78.76,5.75
Port Augusta,6,AU,1584226953,67,-32.5,137.77,60.8,11.41
Antalaha,100,MG,1584226953,92,-14.9,50.28,78.91,49.5
Ambilobe,100,MG,1584226953,85,-13.2,49.05,80.08,13.09
Lamar,90,US,1584226953,93,33.67,-95.58,57.2,6.93
Camaná,81,PE,1584226953,82,-16.62,-72.71,67.75,6.15
Ribas do Rio Pardo,44,BR,1584226954,69,-20.44,-53.76,76.05,6.08
Balakhta,100,RU,1584226954,79,55.38,91.6,32.16,14.45
Kyra,63,RU,1584226954,93,49.58,111.98,17.78,2.26
Nhulunbuy,54,AU,1584226954,88,-12.23,136.77,80.6,5.82
Nichinan,20,JP,1584226954,52,31.6,131.37,46.4,5.82
Abéché,22,TD,1584226955,16,13.83,20.83,70.47,15.23
Keti Bandar,100,PK,1584226955,52,24.14,67.45,68.74,10.04
Avera,90,US,1584226898,50,33.19,-82.53,81.0,3.36
Broome,40,US,1584226955,69,42.25,-75.83,42.01,3.36
Bendigo,0,AU,1584226955,65,-36.77,144.28,59.0,8.99
Pinyug,90,RU,1584226956,93,60.25,47.78,17.22,3.83
Novy Urengoy,94,RU,1584226956,93,66.08,76.63,10.47,16.17
Samut Songkhram,74,TH,1584226956,78,13.41,100.0,80.1,4.14
Saint-Paul,90,RE,1584226956,83,-21.01,55.27,77.0,10.29
Cururupu,97,BR,1584226956,98,-1.83,-44.87,74.97,1.63
Inhambane,0,MZ,1584226956,82,-23.86,35.38,77.63,6.55
Emerald,0,AU,1584226957,60,-23.53,148.17,77.0,8.05
Río Gallegos,100,AR,1584226934,48,-51.62,-69.22,62.6,13.87
Cascais,0,PT,1584226804,62,38.7,-9.42,59.0,13.87
Kuusamo,29,FI,1584226928,76,65.97,29.18,-11.2,1.12
Chegem,75,RU,1584226957,93,43.28,43.13,50.0,4.47
Borogontsy,98,RU,1584226957,97,62.67,131.17,-10.07,3.4
Severodvinsk,62,RU,1584226957,85,64.56,39.83,19.4,4.47
Narsaq,100,GL,1584226958,67,60.92,-46.05,21.2,2.24
Hasaki,20,JP,1584226958,80,35.73,140.83,39.2,6.93
Raipur,33,IN,1584226958,74,21.23,81.63,71.71,4.85
Aykhal,77,RU,1584226958,92,66.0,111.5,17.6,4.47
Dul'durga,82,RU,1584226958,95,50.68,113.59,16.02,1.41
Grand Bank,75,CA,1584226958,89,47.1,-55.77,33.8,19.46
Dombarovskiy,100,RU,1584226959,97,50.76,59.54,36.23,16.78
Huarmey,97,PE,1584226720,70,-10.07,-78.15,73.99,3.85
Muros,90,ES,1584226959,100,42.78,-9.06,52.0,1.12
Gimli,77,CA,1584226959,68,50.63,-96.99,19.0,5.01
Vilcún,0,CL,1584226929,52,-38.65,-72.23,68.0,12.75
Alyangula,57,AU,1584226960,100,-13.85,136.42,77.0,5.17
Quetta,65,PK,1584226960,45,30.2,67.01,43.05,2.04
Zhangye,84,CN,1584226960,30,38.93,100.45,34.7,9.1
Namatanai,100,PG,1584226960,75,-3.67,152.43,83.17,10.96
Simao,3,CN,1584226961,46,22.79,100.97,61.23,2.3
Tooele,40,US,1584226851,53,40.53,-112.3,59.0,39.15
Ruhengeri,98,RW,1584226961,94,-1.5,29.64,52.68,1.3
Cockburn Town,40,TC,1584226961,65,21.46,-71.14,78.8,11.41
Ixtapa,5,MX,1584226807,74,20.7,-105.2,78.8,16.11
Bethel,1,US,1584226961,32,41.37,-73.41,51.8,11.41
Fougamou,100,GA,1584226962,96,-1.22,10.58,74.89,1.25
Sai Buri,60,TH,1584226962,93,6.7,101.62,74.66,2.06
Iracoubo,83,GF,1584226962,78,5.48,-53.2,79.86,15.93
Mabaruma,96,GY,1584226962,90,8.2,-59.78,73.81,3.06
Ostrovnoy,97,RU,1584226891,97,68.05,39.51,2.52,11.65
Cerqueira César,18,BR,1584226962,78,-23.04,-49.17,70.95,6.96
Lamu,70,KE,1584226963,77,-2.27,40.9,84.07,9.91
Boone,90,US,1584226963,86,39.03,-92.33,39.2,10.29
Yar-Sale,80,RU,1584226895,89,66.83,70.83,-3.82,11.99
Zhigansk,100,RU,1584226963,95,66.77,123.37,-5.39,23.87
Acapulco de Juárez,20,MX,1584226727,66,16.86,-99.89,86.0,5.82
Nālūt,0,LY,1584226963,24,30.33,10.85,59.85,10.65
Atambua,4,ID,1584226964,78,-9.11,124.89,79.61,1.36
Honiara,75,SB,1584226964,89,-9.43,159.95,84.2,5.82
Santa Cruz de Barahona,40,DO,1584226964,58,18.21,-71.1,87.8,16.11
Gnjilane,75,XK,1584226964,94,42.46,21.47,44.6,2.24
Port Blair,26,IN,1584226964,69,11.67,92.75,82.2,6.35
Esim,100,GH,1584226964,88,4.87,-2.24,78.6,3.06
Moussoro,0,TD,1584226964,15,13.64,16.49,67.28,12.73
Ust'-Ilimsk,100,RU,1584226964,94,58.0,102.66,30.36,7.43
Katsuura,20,JP,1584226965,60,35.13,140.3,44.01,10.29
Praia,18,CV,1584226965,33,14.92,-23.51,77.0,16.11
Melfi,90,IT,1584226965,87,41.0,15.65,53.6,5.82
Tasiilaq,0,GL,1584226965,65,65.61,-37.64,3.2,5.06
Port Hardy,5,CA,1584226811,32,50.7,-127.42,39.2,13.87
Anloga,20,GH,1584226966,88,5.79,0.9,82.4,8.05
Lindi,100,TZ,1584226966,96,-10.0,39.72,74.41,1.9
Rawson,0,AR,1584226966,66,-43.3,-65.1,61.12,6.96
Kholm,100,RU,1584226967,70,59.27,32.85,24.26,11.99
Paracatu,36,BR,1584226967,95,-17.22,-46.87,69.28,3.04
Yuci,0,CN,1584226967,46,37.68,112.73,28.4,2.24
Kondinskoye,37,RU,1584226967,88,59.65,67.41,29.14,11.12
Grand-Lahou,100,CI,1584226967,79,5.14,-5.02,83.89,11.32
Cilegon,20,ID,1584226967,83,-6.02,106.05,78.8,2.24
Itarema,99,BR,1584226967,94,-2.92,-39.92,75.51,3.15
Graaff-Reinet,69,ZA,1584226968,95,-32.25,24.53,63.0,4.0
Berkåk,100,NO,1584226968,59,62.83,10.01,30.0,1.99
Bulgan,66,MN,1584226968,71,48.81,103.53,19.56,5.68
Bayjī,100,IQ,1584226968,86,34.93,43.49,58.35,6.35
San Carlos,9,VE,1584226968,40,9.66,-68.58,82.06,7.76
Santo Tomas,20,PH,1584226968,78,14.11,121.14,79.0,3.36
Sitka,1,US,1584226968,60,57.05,-135.33,41.0,7.34
Trofors,100,NO,1584226969,59,65.53,13.41,35.6,25.28
Nuevo Progreso,59,MX,1584226970,75,23.17,-97.95,82.99,3.0
Aksaray,20,TR,1584226921,71,38.37,34.03,50.0,8.05
Mumbwa,91,ZM,1584226970,98,-14.98,27.06,64.96,2.28
Luau,100,AO,1584226970,98,-10.71,22.22,66.76,0.69
‘Āhuimanu,90,US,1584226970,73,21.44,-157.84,82.4,4.81
Alapur,0,IN,1584226970,85,27.96,79.23,56.75,5.21
North Branch,1,US,1584226971,75,45.51,-92.98,35.6,4.7
Gurupá,100,BR,1584226971,99,-1.41,-51.64,74.79,2.33
Statesboro,40,US,1584226971,53,32.45,-81.78,82.4,8.05
Constitución,38,CL,1584226964,83,-35.33,-72.42,54.82,5.7
Parian Dakula,96,PH,1584226971,75,5.56,120.77,80.71,7.11
Nikki,82,BJ,1584226971,14,9.94,3.21,77.11,5.03
Zatoka,100,UA,1584226971,52,46.07,30.47,41.0,13.42
Surovikino,17,RU,1584226972,78,48.61,42.85,39.51,13.49
Geraldton,90,AU,1584226972,88,-28.77,114.6,73.4,10.29
Manaure,20,CO,1584226972,78,11.78,-72.44,80.6,18.34
Damietta,17,EG,1584226972,88,31.42,31.81,62.6,5.82
Ocampo,68,MX,1584226972,77,21.65,-101.5,57.18,16.87
Skała,0,PL,1584226972,58,50.23,19.85,30.99,5.82
Nyurba,97,RU,1584226973,94,63.28,118.33,13.91,7.47
Vilyuysk,96,RU,1584226973,96,63.76,121.62,5.36,5.28
Inuvik,75,CA,1584226973,58,68.35,-133.72,33.8,2.24
Pundaguitan,70,PH,1584226973,72,6.37,126.17,79.25,10.92
Dumai,9,ID,1584226973,94,1.68,101.45,75.58,2.17
Masterton,0,NZ,1584226974,67,-40.96,175.66,71.01,4.0
Sarany,87,RU,1584226974,98,58.5,58.88,25.92,4.03
Manzanillo,11,CU,1584226974,60,20.34,-77.12,78.33,11.65
Dillon,90,US,1584226974,56,34.42,-79.37,71.6,3.06
Mutare,71,ZW,1584226974,96,-18.97,32.67,63.19,2.28
Nguruka,68,TZ,1584226975,95,-5.11,31.04,64.62,1.23
Cedeno,78,CO,1584226975,64,7.05,-72.16,79.39,2.77
Sinnamary,83,GF,1584226864,78,5.38,-52.95,79.86,15.93
Kemijärvi,53,FI,1584226975,84,66.71,27.43,14.45,15.86
Basco,100,PH,1584226975,81,20.45,121.97,70.99,28.66
Suixi,0,CN,1584226975,49,33.89,116.77,44.92,4.47
Waingapu,95,ID,1584226976,76,-9.66,120.26,82.47,4.99
Santiago del Estero,93,AR,1584226976,74,-27.8,-64.26,78.4,5.55
Parrita,20,CR,1584226976,57,9.52,-84.32,84.2,19.46
Belaya Gora,58,RU,1584226976,83,68.53,146.42,-19.55,2.44
Erzurum Province,75,TR,1584226976,93,40.0,41.5,35.6,3.36
Los Altos,90,US,1584226705,87,37.39,-122.11,55.0,6.93
Soe,11,ID,1584226976,59,-9.86,124.28,81.82,0.76
Hambantota,11,LK,1584226977,79,6.12,81.12,78.64,16.58
Mahrīz,20,IR,1584226977,33,31.59,54.43,62.6,4.7
Nuuk,20,GL,1584226938,65,64.18,-51.72,6.8,12.75
Galesburg,90,US,1584226977,92,40.95,-90.37,35.6,12.75
Anchorage,1,US,1584226778,45,61.22,-149.9,28.0,4.7
Oistins,90,BB,1584226956,88,13.07,-59.53,75.2,14.99
Porto-Novo,69,BJ,1584226911,76,6.5,2.6,83.26,8.03
Savannah Bight,0,HN,1584226978,78,16.45,-85.85,79.97,18.3
Preobrazheniye,100,RU,1584226978,65,42.9,133.91,30.15,6.67
Port-Cartier,75,CA,1584226978,68,50.03,-66.87,27.0,12.75
Mogadishu,65,SO,1584226978,84,2.04,45.34,82.24,18.19
Vysokogornyy,99,RU,1584226978,87,50.12,139.15,13.21,2.17
Uthal,100,PK,1584226979,32,25.81,66.62,67.71,4.23
Saint-Pierre,43,RE,1584226789,83,-21.34,55.48,77.0,8.05
Beyneu,100,KZ,1584226979,76,45.32,55.2,51.67,7.4
Narrabri,41,AU,1584226979,63,-30.32,149.78,66.99,14.99
Banjarmasin,70,ID,1584226979,84,-3.32,114.59,78.94,3.44
Katobu,97,ID,1584226980,90,-4.94,122.53,78.67,2.59
Loreto,92,MX,1584226980,16,22.27,-101.97,79.92,1.52
Bay Roberts,20,CA,1584226980,80,47.6,-53.26,36.0,31.09
Sesheke,92,ZM,1584226980,78,-17.48,24.3,75.2,1.12
Raduzhny,100,RU,1584226980,97,62.1,77.47,32.22,11.21
Beringovskiy,49,RU,1584226962,86,63.05,179.32,21.36,7.18
Kobryn,5,BY,1584226981,52,52.21,24.36,28.62,7.29
Kaili,100,ID,1584226981,86,-3.46,120.21,65.41,1.54
Vestmannaeyjar,33,IS,1584226981,66,63.44,-20.27,27.14,18.01
Lethem,80,GY,1584226981,52,3.38,-59.8,87.53,14.12
Santa Vitória do Palmar,67,BR,1584226981,90,-33.52,-53.37,71.71,6.42
Pringsewu,83,ID,1584226955,96,-5.36,104.97,73.56,1.88
Korāput,39,IN,1584226982,53,18.82,82.72,71.06,3.44
Rosário Oeste,59,BR,1584226982,90,-14.84,-56.43,76.24,1.95
Culaman,70,PH,1584226982,71,5.96,125.66,73.89,1.79
Kloulklubed,75,PW,1584226983,88,7.04,134.26,77.0,10.2
Atemar,52,RU,1584226983,97,54.18,45.41,30.85,7.38
São Félix do Xingu,100,BR,1584226841,95,-6.64,-51.99,74.3,2.01
Algiers,20,DZ,1584226693,93,36.75,3.04,53.6,3.36
Los Llanos de Aridane,20,ES,1584226724,63,28.66,-17.92,64.4,16.11
Skegness,100,GB,1584226984,93,53.14,0.34,50.0,19.46
Ajdabiya,39,LY,1584226984,67,30.76,20.23,63.77,4.29
Beyla,30,GN,1584226984,20,8.68,-8.63,73.49,6.08
Tianmen,0,CN,1584226984,59,30.65,113.16,53.26,4.21
Bowen,68,AU,1584226984,78,-20.02,148.23,80.01,4.7
Sambava,100,MG,1584226984,97,-14.27,50.17,72.03,7.02
Kyrylivka,77,UA,1584226985,54,46.38,35.37,41.81,15.3
Garoowe,83,SO,1584226985,76,8.41,48.48,73.85,11.27
Winnemucca,20,US,1584226985,30,40.97,-117.74,55.4,18.34
Ballószög,100,HU,1584226985,44,46.86,19.57,39.2,18.34
Koshki,100,RU,1584226985,98,54.21,50.47,33.4,8.97
Columbus,90,US,1584226877,92,39.96,-83.0,35.01,4.7
Togitsu,75,JP,1584226986,65,32.83,129.85,48.2,3.36
Endicott,1,US,1584226986,59,42.1,-76.05,43.0,10.29
Jutaí,100,BR,1584226986,96,-5.18,-68.9,75.87,2.62
Bonito,63,BR,1584226986,62,-21.12,-56.48,75.87,2.28
Seoul,90,KR,1584226709,51,37.57,126.98,42.8,2.24
Kenora,90,CA,1584226947,41,49.82,-94.43,23.0,8.05
Sainte-Maxime,5,FR,1584226986,87,43.3,6.63,55.4,2.37
Burgeo,99,CA,1584226840,75,47.62,-57.62,30.83,31.16
Road Town,20,VG,1584226987,74,18.42,-64.62,78.8,6.93
Bacolod City,54,PH,1584226987,68,10.67,122.95,79.34,1.54
Tornio,88,FI,1584226987,85,65.85,24.15,23.0,18.34
Saint Anthony,5,US,1584226987,47,45.02,-93.22,36.0,8.05
Mitú,79,CO,1584226987,87,1.2,-70.17,75.92,1.92
Timrå,68,SE,1584226987,62,62.49,17.33,30.99,8.05
Comodoro Rivadavia,0,AR,1584226757,39,-45.87,-67.5,66.2,11.41
Acaraú,99,BR,1584226988,94,-2.89,-40.12,75.51,3.15
Shaunavon,100,CA,1584226988,94,49.65,-108.42,18.27,16.58
Arcata,75,US,1584226718,66,40.87,-124.08,48.99,9.17
Bairnsdale,0,AU,1584226988,73,-37.83,147.62,60.01,1.01
Beira,20,MZ,1584226988,94,-19.84,34.84,75.2,3.36
Clyde River,20,CA,1584226774,74,70.47,-68.59,-25.6,3.36
Bergen,75,NO,1584226989,80,60.39,5.33,39.2,40.26
Yulara,0,AU,1584226989,31,-25.24,130.99,75.2,14.99
Krasnokamensk,0,RU,1584226989,73,50.1,118.04,2.28,2.53
Iralaya,8,HN,1584226989,79,15.0,-83.23,80.19,13.98
Makakilo City,90,US,1584226977,73,21.35,-158.09,82.4,4.81
Aksu,3,CN,1584226970,31,41.12,80.26,36.77,2.53
Alofi,100,NU,1584226990,79,-19.06,-169.92,84.2,8.05
Östersund,46,SE,1584226822,49,63.18,14.64,26.6,13.87
Cayenne,74,GF,1584226833,74,4.93,-52.33,80.6,5.82
Santa Isabel Rio Negro,96,BR,1584226990,79,-0.41,-65.02,79.63,1.92
Ubari,0,LY,1584226990,20,26.59,12.78,60.78,7.81
Kaseda-shirakame,75,JP,1584226991,74,31.42,130.32,46.4,6.93
Lerwick,75,GB,1584226991,87,60.15,-1.15,44.6,18.34
Nushki,94,PK,1584226991,21,29.55,66.02,57.9,5.68
